{"cameraMode":{"drawMode":0,"name":"Shaded","section":"Shading Mode"},"sceneLighting":false,"audioPlay":false,"sceneViewState":{"m_AlwaysRefresh":false,"showFog":true,"showSkybox":false,"showFlares":true,"showImageEffects":true,"showParticleSystems":true,"showVisualEffectGraphs":true,"m_FxEnabled":true},"in2DMode":false,"pivot":{"x":-1.1446113586425782,"y":1.7851753234863282,"z":5.450381755828857},"rotation":{"x":0.21341463923454286,"y":-0.4121837913990021,"z":0.09995049983263016,"w":0.8800957798957825},"size":5.2457356452941898,"orthographic":false}